{
  "Post Books" : {
    "transaction" : "Post Books",
    "sampleCount" : 2,
    "errorCount" : 0,
    "errorPct" : 0.0,
    "meanResTime" : 59.5,
    "medianResTime" : 59.5,
    "minResTime" : 29.0,
    "maxResTime" : 90.0,
    "pct1ResTime" : 90.0,
    "pct2ResTime" : 90.0,
    "pct3ResTime" : 90.0,
    "throughput" : 4.662004662004662,
    "receivedKBytesPerSec" : 1.192817599067599,
    "sentKBytesPerSec" : 1.0471299533799534
  },
  "Delete Book" : {
    "transaction" : "Delete Book",
    "sampleCount" : 1,
    "errorCount" : 0,
    "errorPct" : 0.0,
    "meanResTime" : 30.0,
    "medianResTime" : 30.0,
    "minResTime" : 30.0,
    "maxResTime" : 30.0,
    "pct1ResTime" : 30.0,
    "pct2ResTime" : 30.0,
    "pct3ResTime" : 30.0,
    "throughput" : 33.333333333333336,
    "receivedKBytesPerSec" : 6.868489583333334,
    "sentKBytesPerSec" : 7.877604166666667
  },
  "Get Books" : {
    "transaction" : "Get Books",
    "sampleCount" : 3,
    "errorCount" : 0,
    "errorPct" : 0.0,
    "meanResTime" : 452.3333333333333,
    "medianResTime" : 557.0,
    "minResTime" : 150.0,
    "maxResTime" : 650.0,
    "pct1ResTime" : 650.0,
    "pct2ResTime" : 650.0,
    "pct3ResTime" : 650.0,
    "throughput" : 2.615518744551003,
    "receivedKBytesPerSec" : 2338.257580917611,
    "sentKBytesPerSec" : 0.3729157585004359
  },
  "Total" : {
    "transaction" : "Total",
    "sampleCount" : 8,
    "errorCount" : 0,
    "errorPct" : 0.0,
    "meanResTime" : 216.87499999999997,
    "medianResTime" : 114.5,
    "minResTime" : 29.0,
    "maxResTime" : 650.0,
    "pct1ResTime" : 650.0,
    "pct2ResTime" : 650.0,
    "pct3ResTime" : 650.0,
    "throughput" : 6.974716652136007,
    "receivedKBytesPerSec" : 2346.2599444202265,
    "sentKBytesPerSec" : 1.2294300348735832
  },
  "Get Book" : {
    "transaction" : "Get Book",
    "sampleCount" : 2,
    "errorCount" : 0,
    "errorPct" : 0.0,
    "meanResTime" : 114.5,
    "medianResTime" : 114.5,
    "minResTime" : 99.0,
    "maxResTime" : 130.0,
    "pct1ResTime" : 130.0,
    "pct2ResTime" : 130.0,
    "pct3ResTime" : 130.0,
    "throughput" : 4.008016032064128,
    "receivedKBytesPerSec" : 16.95578657314629,
    "sentKBytesPerSec" : 0.594939879759519
  }
}