{
  "Post Books" : {
    "transaction" : "Post Books",
    "sampleCount" : 6,
    "errorCount" : 0,
    "errorPct" : 0.0,
    "meanResTime" : 66.16666666666667,
    "medianResTime" : 72.5,
    "minResTime" : 32.0,
    "maxResTime" : 94.0,
    "pct1ResTime" : 94.0,
    "pct2ResTime" : 94.0,
    "pct3ResTime" : 94.0,
    "throughput" : 5.25854513584575,
    "receivedKBytesPerSec" : 1.3454480718667836,
    "sentKBytesPerSec" : 1.181118536371604
  },
  "Delete Book" : {
    "transaction" : "Delete Book",
    "sampleCount" : 6,
    "errorCount" : 0,
    "errorPct" : 0.0,
    "meanResTime" : 65.0,
    "medianResTime" : 51.5,
    "minResTime" : 28.0,
    "maxResTime" : 129.0,
    "pct1ResTime" : 129.0,
    "pct2ResTime" : 129.0,
    "pct3ResTime" : 129.0,
    "throughput" : 4.914004914004914,
    "receivedKBytesPerSec" : 1.012553746928747,
    "sentKBytesPerSec" : 1.1613175675675675
  },
  "Get Books" : {
    "transaction" : "Get Books",
    "sampleCount" : 7,
    "errorCount" : 0,
    "errorPct" : 0.0,
    "meanResTime" : 359.57142857142856,
    "medianResTime" : 258.0,
    "minResTime" : 213.0,
    "maxResTime" : 686.0,
    "pct1ResTime" : 686.0,
    "pct2ResTime" : 686.0,
    "pct3ResTime" : 686.0,
    "throughput" : 3.4246575342465753,
    "receivedKBytesPerSec" : 3036.622049290607,
    "sentKBytesPerSec" : 0.48828125
  },
  "Total" : {
    "transaction" : "Total",
    "sampleCount" : 25,
    "errorCount" : 0,
    "errorPct" : 0.0,
    "meanResTime" : 161.28,
    "medianResTime" : 109.0,
    "minResTime" : 28.0,
    "maxResTime" : 686.0,
    "pct1ResTime" : 408.80000000000075,
    "pct2ResTime" : 667.0999999999999,
    "pct3ResTime" : 686.0,
    "throughput" : 12.23091976516634,
    "receivedKBytesPerSec" : 3051.50363869863,
    "sentKBytesPerSec" : 2.277053265655577
  },
  "Get Book" : {
    "transaction" : "Get Book",
    "sampleCount" : 6,
    "errorCount" : 0,
    "errorPct" : 0.0,
    "meanResTime" : 121.33333333333333,
    "medianResTime" : 124.5,
    "minResTime" : 101.0,
    "maxResTime" : 138.0,
    "pct1ResTime" : 138.0,
    "pct2ResTime" : 138.0,
    "pct3ResTime" : 138.0,
    "throughput" : 4.838709677419355,
    "receivedKBytesPerSec" : 22.29555191532258,
    "sentKBytesPerSec" : 0.7182459677419355
  }
}